<?xml version="1.0" encoding="UTF-8"?>
<project-private xmlns="http://www.netbeans.org/ns/project-private/1">
    <open-files xmlns="http://www.netbeans.org/ns/projectui-open-files/2">
        <group>
            <file>file:/Users/tomc/src/java/hermes_sample_java/src/hermes_sample_java/HermesConnection.java</file>
            <file>file:/Users/tomc/src/java/hermes_sample_java/src/hermes_sample_java/CreditCard.java</file>
            <file>file:/Users/tomc/src/java/hermes_sample_java/src/HermesSample.java</file>
        </group>
    </open-files>
</project-private>
